slow,fast_index,net_profit,cagr,sharpe,max_drawdown,pct_profitable,avg_win_loss,profit_factor,trades_count,final_equity
60,0.2,2667485.717862113,0.1387924258258897,0.5383119327560192,-0.4367140201068495,39.658444022770404,2.892169581214754,1.9008284354524643,527,3667485.7178621124
60,0.25,2503512.813467725,0.13359474996355014,0.5227233157422454,-0.4266318655016408,39.22764227642276,2.9548031570673596,1.9072809676053526,492,3503512.8134677256
60,0.3,2203754.706720043,0.12349941020860844,0.49521907101063367,-0.4194360363321082,38.75802997858672,2.826233414031962,1.7886302375516958,467,3203754.706720041
60,0.35,2168398.6162549388,0.12225316416199017,0.4905755366281168,-0.4183772630231885,39.95726495726496,2.6322324832626767,1.7516991970466924,468,3168398.616254934
60,0.4,1950849.830707007,0.11429747133635315,0.4668961832810821,-0.4466379369501159,38.675213675213676,2.7121656523557287,1.7104598713462957,468,2950849.8307070076
60,0.45,2093946.583553355,0.11958738609609876,0.48467334199717754,-0.45387407383841893,40.99783080260303,2.5139078533195796,1.7467962657257372,461,3093946.583553355
60,0.5,1938943.0315743617,0.11384696760992052,0.4668476768883972,-0.4694344526702031,40.511727078891255,2.4814146994102098,1.689852304257849,469,2938943.0315743657
80,0.2,1249785.5022406331,0.08447347116931625,0.4392718624085299,-0.4782342798410162,34.35294117647059,3.051094286345403,1.5966299849692789,425,2249785.5022406303
80,0.25,1224430.9658910087,0.08324488507772343,0.43494701821800835,-0.4726848776202212,35.41147132169576,2.8958399886501227,1.587680611537905,401,2224430.9658910073
80,0.3,1094154.7752790332,0.07672617952445826,0.4104234361601009,-0.5118429974234849,33.92857142857143,3.015065489259872,1.5482768728631777,392,2094154.7752790353
80,0.35,1073835.0941307587,0.07567669350104933,0.4067044640187298,-0.520955920337256,36.61616161616162,2.6526787437789956,1.532423975489858,396,2073835.0941307573
80,0.4,848171.1530308912,0.06335400402844837,0.36077212988814167,-0.5438390192824383,34.02597402597402,2.77526530898979,1.431337619990797,385,1848171.1530308933
80,0.45,869930.1784075674,0.06459950685343108,0.365546599003715,-0.5604144078423661,35.84415584415584,2.591133322224834,1.4476777265871543,385,1869930.1784075664
80,0.5,701699.5340784092,0.054608941174451475,0.3277140241859252,-0.5837971406302532,34.645669291338585,2.5774447743375384,1.366356265913876,381,1701699.5340784094
100,0.2,418253.5098423287,0.03556523998863281,0.2603513804976058,-0.5545055666919505,32.72251308900523,2.6031911509817007,1.2661435559249516,382,1418253.509842328
100,0.25,331294.49211817444,0.0290325560286413,0.23401484966527963,-0.579415794641369,32.5,2.5315457440156086,1.2188923952667745,360,1331294.492118175
100,0.3,284788.9723110772,0.025379593360352448,0.21910149651019586,-0.602371232112956,34.173669467787114,2.280869058692198,1.184110745363609,357,1284788.9723110767
100,0.35,261775.47082426207,0.023527676462399505,0.2107180811816955,-0.6164088778361696,34.94318181818182,2.1752843297728357,1.1683841596596454,352,1261775.4708242624
100,0.4,208788.87278714974,0.01914545686929392,0.19277092281024205,-0.6439387160411856,34.173669467787114,2.1854717867574744,1.1345853531251568,357,1208788.8727871499
100,0.45,73648.04030232748,0.007132512297444382,0.143524168030523,-0.6690636140117737,33.795013850415515,2.049788748764491,1.0463356792856395,361,1073648.0403023288
100,0.5,-37351.34254050319,-0.003799960528479418,0.09728542821627913,-0.6896128448430741,34.12698412698413,1.8862332686488217,0.9772051873722811,378,962648.6574594976
120,0.2,303995.7793244774,0.026902466140995562,0.23759220667962822,-0.5915914540194811,32.58064516129032,2.5917732703438667,1.2524837335154573,310,1303995.7793244768
120,0.25,299179.857861712,0.02652252640672592,0.23559513641819618,-0.6123693581936712,32.67326732673268,2.5900859942767425,1.2569534972225367,303,1299179.8578617128
120,0.3,210086.8744957865,0.01925485519571435,0.19886000254706107,-0.6327896468864342,32.459016393442624,2.4551994705253453,1.179925959135967,305,1210086.8744957864
120,0.35,147061.1562239662,0.013816775410467441,0.1707998080772209,-0.6376657307944137,31.493506493506494,2.4446584465399246,1.1238477218690648,308,1147061.1562239653
120,0.4,57015.11689931189,0.005561065645732999,0.1288653520196226,-0.6581600078085034,32.33333333333333,2.1942208315149228,1.0484700524972783,300,1057015.116899313
120,0.45,39372.79489059409,0.0038697418460111876,0.12000280284295911,-0.6507752088499831,31.921824104234524,2.2020912740370444,1.0325595447637814,307,1039372.7948905923
120,0.5,74559.9336424552,0.007218031226033261,0.13650572176703052,-0.6420075070558225,29.652996845425868,2.511056288742162,1.0584721575863822,317,1074559.933642455
140,0.2,537570.9850469588,0.04396532870204872,0.3052971388056332,-0.5654750306071148,34.86590038314176,2.7343064880637478,1.4636581789047123,261,1537570.9850469586
140,0.25,441494.64256032667,0.037250081423821246,0.27520044821490885,-0.5929655359794191,33.984375,2.7030460667734983,1.3915089219484873,256,1441494.6425603272
140,0.3,416996.3183774372,0.035473394511291945,0.26690630351243866,-0.6052929642091596,35.63218390804598,2.4746612889338806,1.369901784945541,261,1416996.318377438
140,0.35,488905.60218397883,0.040612607207227924,0.28840342161130456,-0.6143043753783457,33.87096774193548,2.777353533010865,1.4225469315421504,248,1488905.6021839809
140,0.4,523983.21904953395,0.04303894325719315,0.2982904772196181,-0.604159657826892,35.019455252918284,2.663807980692847,1.4355851392955463,257,1523983.2190495324
140,0.45,619119.8638576472,0.049375125334629066,0.32538076516655345,-0.5843186114572266,35.87786259541985,2.6699850683070125,1.4939202167908283,262,1619119.863857647
140,0.5,612800.6794202542,0.04896479256430486,0.32220416866578927,-0.5992177148719091,34.962406015037594,2.760068182005771,1.4837360747198653,266,1612800.6794202533
160,0.2,730339.4659362707,0.05637080877573375,0.34704991641293914,-0.5217924881364524,35.064935064935064,3.1454407279057315,1.698537993069095,231,1730339.465936271
160,0.25,664373.0612289688,0.052272200108481215,0.32928495043138994,-0.5427748098818017,34.33476394849785,3.1493833487817544,1.6467363915198716,233,1664373.0612289687
160,0.3,701316.3151951989,0.05458518596083728,0.33844592646543703,-0.5365052804031527,38.028169014084504,2.7815733736027597,1.7068745701653298,213,1701316.3151951986
160,0.35,875376.017897164,0.06490918936777579,0.37748413609591197,-0.5337066930563791,38.028169014084504,2.9984851991009696,1.8399795539937767,213,1875376.0178971638
160,0.4,1159364.0791112601,0.08003334609358803,0.43604394212559955,-0.5032942780826627,41.06280193236715,3.0450761016871914,2.1215694151099287,207,2159364.079111261
160,0.45,1298025.3259143368,0.08677697438348164,0.46111336176719375,-0.5016403285921187,44.33497536945813,2.884155509823719,2.297115007824201,203,2298025.3259143364
160,0.5,1492101.6828913072,0.09562518123761254,0.4933227143713277,-0.46132968329111557,44.390243902439025,3.14410427318957,2.5097674461425514,205,2492101.6828913083
180,0.2,277580.76017231686,0.024802775302342983,0.22832767396019898,-0.5084908679774399,33.94495412844037,2.6803612924809097,1.3774078864138006,218,1277580.760172317
180,0.25,277952.4043384129,0.024832586667380863,0.22780593671411803,-0.5338614808433833,38.19095477386934,2.3072358181731603,1.4256091234240664,199,1277952.404338413
180,0.3,438880.74966578523,0.03706181523625962,0.2889758884296762,-0.4938484214915537,39.0625,2.62822533670921,1.6847598312238525,192,1438880.7496657858
180,0.35,680181.1028910098,0.053267527453555896,0.371030724631303,-0.4790684834116747,45.05494505494506,2.5451432994382186,2.087017505539339,182,1680181.1028910093
180,0.4,883452.1464712142,0.06536695878434351,0.4189825968230659,-0.4484916212851307,43.27485380116959,3.2470017611832382,2.477094127088244,171,1883452.146471214
180,0.45,979634.7692664992,0.07068709432163733,0.4435455556468014,-0.43323593881424016,47.701149425287355,2.7815998058220033,2.537063559156333,174,1979634.7692664992
180,0.5,1185371.3837730843,0.08132731499882784,0.48107085282749884,-0.44885323436422425,50.847457627118644,2.9076894409739213,3.007954594110953,177,2185371.3837730847
200,0.2,213773.19999746134,0.019564971622355376,0.200943170344177,-0.49974532773648644,38.97435897435898,2.1453735255482034,1.3701545205181802,195,1213773.1999974626
200,0.25,315853.71786094375,0.027832612047020477,0.2430848597562688,-0.49216756691624186,41.08108108108108,2.2514294915678663,1.5698040491665857,185,1315853.7178609436
200,0.3,533221.7015559205,0.0436696081432244,0.3200430345915769,-0.45544386385512836,43.859649122807014,2.510331696439168,1.9611966378431,171,1533221.7015559212
200,0.35,766478.0813997646,0.05855690275641301,0.38671195484341203,-0.4285702607863303,42.68292682926829,3.2935067231016384,2.452611389543773,164,1766478.081399765
200,0.4,864874.0038324161,0.0643112554702816,0.4075074637677732,-0.4580025849271203,48.34437086092716,3.0238440178335706,2.830007862844239,151,1864874.0038324161
200,0.45,1034526.4401681172,0.0736199106287152,0.4441893219007088,-0.45370133265931967,47.91666666666667,3.4073148253899355,3.1347296393587407,144,2034526.440168117
200,0.5,1395287.1972610387,0.09129195388433953,0.5072362028252277,-0.4475162517928304,50.35971223021583,4.228143312809314,4.28942075212539,139,2395287.1972610382
220,0.2,140721.74101063755,0.013254998259613737,0.1684077660324329,-0.4992884175072973,39.037433155080215,1.9352819437625324,1.239259490304078,187,1140721.7410106373
220,0.25,328696.37810006505,0.02883152905237285,0.2468625774238253,-0.47032631357565186,44.31818181818182,2.016240327529631,1.604762709666441,176,1328696.3781000655
220,0.3,500546.596436381,0.04142347180818362,0.30639344440285815,-0.46809046094799084,40.993788819875775,2.9333929073656058,2.0379361251171577,161,1500546.5964363809
220,0.35,477147.5433448442,0.0397877755257352,0.2963186315812274,-0.4893761076930035,40.0,2.8358309276649076,1.890553951776605,160,1477147.5433448441
220,0.4,760483.7617345109,0.05819709593171196,0.3773347906000713,-0.46522484849756685,42.465753424657535,3.5238681007536155,2.600950264841954,146,1760483.7617345115
220,0.45,983288.2111300388,0.07088455415005979,0.423614963123729,-0.4682583471896333,45.32374100719424,3.8099205590452643,3.1582236213138377,139,1983288.2111300393
220,0.5,1191255.212865976,0.08161813604717261,0.46184202854270856,-0.46649629144172416,47.794117647058826,3.9073717701558768,3.5771713388750985,136,2191255.2128659757
240,0.2,422434.8183491273,0.03587018377628093,0.28170926665757917,-0.46748279964238904,40.7185628742515,2.6072158398975214,1.7908149203336512,167,1422434.8183491267
240,0.25,503404.4762286544,0.041621674419000554,0.3054188691007718,-0.4765221365246332,41.77215189873418,2.826002096843239,2.027349330344063,158,1503404.4762286542
240,0.3,543507.8638337019,0.04436778166721189,0.3184133067465533,-0.47894488711032707,40.54054054054054,3.1121050126947565,2.1218897813827886,148,1543507.8638337017
240,0.35,814734.1048706974,0.06141407796598797,0.3853152866940546,-0.47025634987542975,43.53741496598639,3.5172598226038496,2.7121039595981493,147,1814734.1048706975
240,0.4,960008.0575842048,0.06962067026715313,0.4169999252706099,-0.48967490245167244,43.28358208955223,4.064058627433729,3.1015184261994246,134,1960008.0575842038
240,0.45,1132780.6546665684,0.07869613570035794,0.4479194155298778,-0.4802972465837513,45.038167938931295,4.147784050917854,3.398878597279908,131,2132780.654666567
240,0.5,1002784.4877916474,0.07193277911524576,0.4206963188684787,-0.479583585108815,46.15384615384615,3.5828184671759655,3.070987257579399,130,2002784.4877916477
260,0.2,527461.8117850784,0.04327681218474044,0.3133739114115831,-0.4584222954214105,38.15789473684211,3.3605724159897066,2.073544682206415,152,1527461.8117850786
260,0.25,650387.5807710856,0.05138450854218868,0.33920121563087446,-0.47654324361604145,35.714285714285715,4.141528947477759,2.3008494152654215,140,1650387.5807710858
260,0.3,660513.0330215121,0.05202786772880752,0.34233917172705036,-0.4881445487847967,37.95620437956204,3.9376627161494824,2.408923073409095,137,1660513.033021512
260,0.35,917958.1544927431,0.06730313515394837,0.4015364172620605,-0.4705974978372585,40.0,4.534891277346639,3.0232608515644257,125,1917958.1544927433
260,0.4,903130.4830706585,0.06647500858642585,0.39947388952886853,-0.47834623022109307,46.400000000000006,3.6505736740863273,3.1601981059254776,125,1903130.4830706578
260,0.45,890537.4597967678,0.06576711456419293,0.3950570004308774,-0.49611427653938805,44.18604651162791,3.6904649688400317,2.9216181003316914,129,1890537.4597967681
260,0.5,841322.9938724104,0.06295927940296542,0.37998740732724534,-0.49063424302968867,44.44444444444444,3.6291964048364957,2.9033571238691964,126,1841322.993872411
280,0.2,840714.1851568024,0.06292412403946934,0.3879512297193407,-0.4720063645657693,41.35338345864661,4.3019967527143885,3.0334592487088634,133,1840714.185156803
280,0.25,685351.6126798581,0.05359125135684173,0.3469314509326463,-0.505121423344187,39.55223880597015,3.858942910885302,2.5249873367521114,134,1685351.6126798573
280,0.3,786579.7633897132,0.059755530093581255,0.3688863029938387,-0.5006796801210777,43.08943089430895,3.739353507885302,2.831224798827443,123,1786579.7633897136
280,0.35,1049011.1992113914,0.0743819380890689,0.4274366362279284,-0.48513015407368676,41.44144144144144,5.379563616580887,3.807075790195705,111,2049011.1992113923
280,0.4,1110517.9978897434,0.07756467862457184,0.4372335026389497,-0.49413019943249126,41.509433962264154,5.9238738359881085,4.204039496507689,106,2110517.997889744
280,0.45,949050.0896837864,0.06902107732030971,0.4015649354477482,-0.505348504341597,40.54054054054054,5.2346875184260035,3.569105126199548,111,1949050.0896837858
280,0.5,752543.8009623808,0.05771880142943364,0.3549148084356015,-0.5193424427177652,38.52459016393443,4.5221723451648845,2.8338946696366607,122,1752543.800962383
300,0.2,681624.6311683881,0.053357996394439056,0.3452464530220699,-0.49464839558354373,35.38461538461539,4.715921029566703,2.5825281828579567,130,1681624.6311683878
300,0.25,832740.580685678,0.06246272348500126,0.3754898900151571,-0.49589489438107004,37.301587301587304,4.66562410919273,2.7757510523045354,126,1832740.5806856782
300,0.3,1078054.0801529826,0.07589535777478762,0.4281629225504017,-0.4792373072030416,41.81818181818181,5.367414498620562,3.8578291708835284,110,2078054.0801529826
300,0.35,1096826.7491155255,0.07686350114835916,0.43421786708928106,-0.48079201729768134,42.0,5.8553917048447675,4.240111234542763,100,2096826.7491155255
300,0.4,1072845.9755905105,0.0756253709109036,0.42320855703097005,-0.49996607675125404,42.45283018867924,5.364326067657271,3.957289722042249,106,2072845.9755905108
300,0.45,896953.7324803093,0.06612832222124587,0.38824874081275945,-0.5073265143956077,44.54545454545455,4.198427340020958,3.3725072075578186,110,1896953.7324803087
300,0.5,691743.2491862205,0.05399019646547987,0.34404557377544936,-0.5088302997593062,40.33613445378151,4.000907290640466,2.7048387317005966,119,1691743.2491862208
