ticker,entry_date,entry_price,exit_date,exit_price,side,shares,pnl
COME,2016-09-02,0.032011453954851596,2016-09-05,0.03148664338604151,LONG,2112426,-1108.6234906292082
BBAR,2016-09-05,4.6936087370702415,2016-09-13,4.591458753212889,LONG,13288,-1357.3689854965032
GGAL,2016-09-06,2.249668286624087,2016-09-14,2.139513273778854,LONG,24890,-2741.758269717852
COME,2016-09-07,0.03255146689587826,2016-09-14,0.03005997937422781,LONG,1548220,-3857.370810769664
BMA,2016-09-01,5.731907886972266,2016-09-21,5.2988639266147715,LONG,13779,-5966.912729765916
YPFD,2016-10-07,19.2919764091024,2016-11-04,16.536349723226284,LONG,1556,-4287.755123223237
CRES,2016-09-01,1.1395130776626519,2016-11-08,1.115337488341585,LONG,46438,-1122.6660168917044
BMA,2016-10-05,5.711650773498718,2016-11-08,5.584094660050228,LONG,6491,-827.9667323941482
BBAR,2016-10-13,4.712866110294152,2016-11-08,4.621557942127419,LONG,5735,-523.652344436212
YPFD,2016-11-04,16.61422954383696,2016-11-08,17.112759079461703,LONG,1472,733.8354764396233
ALUA,2016-10-03,0.5498899159501199,2016-11-09,0.4606837460550544,LONG,74916,-6682.969423858729
GGAL,2016-10-05,2.370098558628118,2016-11-11,2.024599580543436,LONG,14079,-4864.280112454241
ALUA,2016-11-09,0.45758474226491597,2016-11-11,0.4733978718700539,LONG,86206,1363.1866507405196
COME,2016-10-13,0.03378557828494026,2016-11-14,0.02817477199128158,LONG,720050,-4040.0610717489353
COME,2016-11-14,0.02971315806352006,2016-11-16,0.029326436370850712,LONG,1309265,-506.3211769527346
SUPV,2016-08-31,2.2813368099382445,2016-11-18,2.3981376544212663,LONG,30409,3551.7968798842085
TXAR,2016-09-05,0.4225294486738229,2016-11-18,0.43253703896026807,LONG,147251,1473.6276772693357
VALO,2016-09-13,0.21868799627302646,2016-11-30,0.3106260492607379,LONG,211774,19470.0892334196
PAMP,2016-09-16,1.1753118741172441,2016-12-30,1.4156788477029205,LONG,35603,8557.785360570837
ALUA,2017-01-18,0.4942302900595568,2017-01-19,0.502680026347142,LONG,62558,528.5986026787562
BBAR,2017-01-17,4.266714890201458,2017-03-08,4.088125851086484,LONG,8051,-1437.820353914656
VALO,2016-12-01,0.3200304496613035,2017-03-30,0.2862302967738097,LONG,202016,-6828.1716857199535
VALO,2017-03-30,0.04692662313571721,2017-03-31,0.0465745470289462,LONG,674494,-237.4732215604046
CEPU,2016-08-31,0.08327552246909753,2017-05-03,1.4080329391139075,LONG,815659,1080550.309703089
BBAR,2017-04-05,4.456324129855388,2017-05-04,4.37478936341245,LONG,7097,-578.652237445531
EDN,2016-09-02,0.9040772879281579,2017-05-15,1.7128130371472323,LONG,49938,40386.64584450214
ALUA,2017-01-23,0.5167931114963308,2017-05-23,0.5146678505073738,LONG,53936,-114.6280767003812
METR,2016-09-19,0.538845985786607,2017-05-26,1.4684942237318321,LONG,69891,64974.04499822973
CRES,2017-01-12,1.1072237106915988,2017-06-06,1.2763949295455483,LONG,42559,7199.757903205241
COME,2017-02-13,0.03046916023158318,2017-06-06,0.034259951432606475,LONG,823349,3121.1441445713303
YPFD,2017-01-11,21.087980800251053,2017-06-13,23.411704277391568,LONG,2482,5767.481670262758
TXAR,2017-01-10,0.5053328845684987,2017-06-14,0.547462748073114,LONG,115121,4850.032016514822
ALUA,2017-06-13,0.5451589147294058,2017-06-16,0.52394966466417,LONG,216562,-4593.11761262759
METR,2017-06-08,1.5840189922368408,2017-06-19,1.4668336187105322,LONG,58254,-6826.516749401584
SUPV,2017-01-19,2.4417804146214266,2017-06-28,2.9893191963934767,LONG,12683,6944.434369214911
GGAL,2017-01-13,2.310500756530008,2017-07-03,3.1894788118892956,LONG,18355,16133.64220611972
PAMP,2017-01-04,1.4696877719954822,2017-07-06,2.4035183319465983,LONG,34373,32098.557837199714
BBAR,2017-05-31,4.696017309015671,2017-07-14,4.356165781798895,LONG,33241,-11297.004616212864
GGAL,2017-07-04,3.277015689124577,2017-07-18,2.9218660090366764,LONG,39669,-14088.432659406928
TRAN,2016-09-15,0.33501486618724596,2017-07-21,1.0920568498573153,LONG,138783,105064.55761968324
BMA,2017-01-16,5.2654572371293185,2017-07-25,6.320187963508637,LONG,7249,7645.743035523681
TGSU2,2016-09-15,1.0627610262008649,2017-07-26,2.4209820215204054,LONG,48609,66021.76436148754
TGNO4,2016-09-13,0.3818755665942395,2017-08-09,1.4274106300871674,LONG,134751,140886.89534073553
VALO,2017-06-07,0.21707415436477706,2017-08-10,0.16420744071705215,LONG,499094,-26385.45958129762
VALO,2017-08-10,0.16883564187062527,2017-08-11,0.1699436993263936,LONG,996844,1104.5604264379306
CRES,2017-08-29,1.2164907576338848,2017-10-03,1.2396475755796739,LONG,92121,2133.2292259840333
BMA,2017-08-18,6.6781670701409706,2017-11-21,7.295321569954169,LONG,21295,13142.305073522055
PAMP,2017-08-25,2.5589922641268403,2017-11-29,2.6284128493755334,LONG,52691,3657.840057338888
YPFD,2017-09-29,22.377229417306726,2017-12-13,22.18292789988032,LONG,2957,-574.5495870298852
TXAR,2017-08-24,0.5489750442500202,2017-12-14,0.6094421752846008,LONG,211401,12782.811967841366
COME,2017-09-13,0.033284172574035424,2017-12-14,0.04039165057675145,LONG,2454489,17445.226575408466
ALUA,2017-08-28,0.527140744875982,2017-12-19,0.5854981883162899,LONG,246838,14404.834623918723
CEPU,2017-09-04,1.2446535003779333,2017-12-20,1.589028489603565,LONG,81033,27905.738501920605
BMA,2017-12-26,8.394572692669048,2018-01-02,8.503176011210734,LONG,17101,1857.225350381371
CRES,2017-10-18,1.2719318257018557,2018-01-23,1.351655415442593,LONG,55801,4448.656031122884
CEPU,2018-01-05,2.0000867346077906,2018-02-02,1.5701201164084024,LONG,58869,-25311.704846779783
COME,2018-01-26,0.0461046905714087,2018-02-08,0.037838158632143716,LONG,2025364,-16742.736194637488
TGSU2,2017-08-18,2.8494544487006004,2018-02-14,3.3737961275644377,LONG,43594,22858.151148390123
TGNO4,2017-08-22,1.811410775308702,2018-02-14,2.5415018393620814,LONG,46140,33686.40169542292
BBAR,2017-09-05,4.257899868230976,2018-02-14,5.376181289761155,LONG,21318,23839.52334418036
PAMP,2018-01-01,2.699571531461986,2018-02-14,2.520107258339061,LONG,47861,-8589.339575936314
LOMA,2018-02-01,4.193298547015988,2018-02-14,3.7971699294050354,LONG,20041,-7938.813625541093
YPFD,2018-01-11,23.781917570131792,2018-02-16,22.63100827987882,LONG,4010,-4615.146253914419
CEPU,2018-02-02,1.9549269067790112,2018-02-19,1.7415131626090992,LONG,43418,-9265.99794436924
GGAL,2017-08-28,3.3036285701543346,2018-02-20,4.9062998999450045,LONG,41113,65890.6263816838
BYMA,2017-09-19,0.08345104078784409,2018-02-21,0.14883129122214545,LONG,881068,57604.44648964903
ALUA,2018-01-03,0.6986416935815588,2018-02-21,0.6253746519935953,LONG,187258,-13719.839673678867
TRAN,2017-08-24,1.3355161226826335,2018-02-23,1.9559954628436236,LONG,71378,44288.57434201115
TXAR,2018-01-09,0.6380226555216864,2018-02-23,0.6167251373574119,LONG,166091,-3537.3260894225155
VALO,2017-10-19,0.18469383309145251,2018-03-06,0.29119883643844213,LONG,345863,36836.13997259987
SUPV,2017-07-03,3.117412205696227,2018-03-09,4.865382756432653,LONG,54672,95565.04594986187
CRES,2018-03-02,1.4575223561134143,2018-03-22,1.3736685629852587,LONG,67904,-5694.007968574275
METR,2017-08-28,1.4771095027882724,2018-03-27,3.078125849379421,LONG,68902,110313.22831282332
TRAN,2018-03-19,2.089611025839994,2018-03-27,1.9962368890192865,LONG,53226,-4969.931806418966
EDN,2017-08-22,1.7636000249799784,2018-04-06,2.9589790999195875,LONG,86827,103791.17893978144
BMA,2018-04-16,7.782240444637173,2018-04-17,7.64928111994749,LONG,27774,-3692.8122839312487
BMA,2018-04-18,8.032871661893859,2018-04-26,6.889318204845694,LONG,27229,-31137.817081964495
TRAN,2018-04-19,2.0377425949104073,2018-04-26,1.7335346709587456,LONG,75831,-23068.391081178463
GGAL,2018-04-13,4.941953122153967,2018-05-02,4.407363113780159,LONG,43382,-23191.58374327254
CRES,2018-04-12,1.4454045439556809,2018-05-03,1.1790830216659576,LONG,117228,-31220.33941497968
YPFD,2018-05-02,21.447237522471184,2018-05-03,19.508423717315594,LONG,10113,-19607.22401153848
CRES,2018-05-03,1.2239443440462048,2018-05-04,1.277846163146258,LONG,114106,6150.520970230684
BYMA,2018-03-09,0.15751182327823549,2018-05-07,0.1380900482224534,LONG,845775,-16426.451797804086
ALUA,2018-04-25,0.6094466529966708,2018-05-09,0.5093671802188877,LONG,197155,-19731.16845550382
TGNO4,2018-08-08,1.4242374259436843,2018-08-13,1.1941146739968538,LONG,49192,-11320.198413768487
CRES,2018-08-02,1.156095637564078,2018-08-14,0.9865425674204078,LONG,124294,-21074.429300437354
ALUA,2018-06-26,0.6331304168186057,2018-08-15,0.5699502721347447,LONG,127497,-8055.278906758228
TGSU2,2018-08-06,2.6725367450634367,2018-08-17,2.396659616425082,LONG,42196,-11640.91132002401
COME,2018-08-07,0.027274214809337408,2018-08-22,0.02223898913278422,LONG,5121661,-25788.718973801086
YPFD,2018-09-21,17.80788333206605,2018-10-10,15.013767495004736,LONG,5228,-14607.637596156559
CEPU,2018-09-24,1.1835804232385663,2018-10-10,0.886071090188835,LONG,64509,-19192.029565705114
TGSU2,2018-09-18,2.7854197921784993,2018-10-12,2.2671218150830446,LONG,28306,-14670.942539663944
BBAR,2018-10-03,3.1872042019600095,2018-10-22,2.4179551626355633,LONG,21992,-16917.32487282322
CEPU,2018-11-14,0.9410900739556421,2018-11-28,0.9171069000365654,LONG,91118,-2185.2988411584383
YPFD,2018-11-13,15.410804688509517,2018-11-30,15.435839547766722,LONG,6893,172.56528485991828
YPFD,2018-12-03,15.86749039544456,2018-12-05,15.688775860800531,LONG,6613,-1181.8392176009688
TXAR,2018-11-02,0.367833188281429,2018-12-06,0.3102886276968537,LONG,275637,-15861.410045850582
BYMA,2018-11-12,0.08973828833181006,2018-12-12,0.08672153103409141,LONG,1293874,-3903.3038318284207
ALUA,2018-12-05,0.4479353183929527,2018-12-13,0.4304789153597945,LONG,220409,-3847.548336135367
VALO,2018-11-21,0.11927509704069315,2018-12-18,0.10914616127665085,LONG,905584,-9172.602164944488
BMA,2018-11-08,3.279439914124354,2018-12-19,2.887693913740242,LONG,24831,-9727.44493553788
BYMA,2018-12-14,0.08488501211785018,2018-12-19,0.07914560216689837,LONG,1184517,-6798.428656871595
BBAR,2018-10-31,2.734800492847649,2018-12-21,2.556989948287541,LONG,27302,-4854.58348758006
PAMP,2018-11-07,1.4206463995518606,2018-12-28,1.231035216909289,LONG,65778,-12472.244371863067
CRES,2018-12-17,0.8416248759982612,2018-12-28,0.7728225854596983,LONG,115706,-7960.837829054959
SUPV,2018-11-07,1.4419229795459183,2019-01-02,1.4305087183113527,LONG,56487,-644.7573743569054
TGSU2,2018-11-08,2.6656420296538426,2019-01-02,2.5370129498787755,LONG,38439,-4944.373197473804
COME,2019-01-21,0.01672742144162831,2019-02-12,0.015507832838208774,LONG,6654804,-8116.123116390738
COME,2019-02-15,0.01571254383166902,2019-02-20,0.014608296544638565,LONG,5821539,-6428.418647091993
TGSU2,2019-01-14,2.7461482707228915,2019-02-22,2.5030495055933777,LONG,42387,-10304.227357544702
METR,2019-01-25,0.8296556985870253,2019-02-22,0.7217011185896246,LONG,108680,-11732.503754117504
BYMA,2019-01-10,0.08990225449719888,2019-02-26,0.08512077516336686,LONG,1231089,-5886.426611607931
BBAR,2019-01-10,3.1282684848136153,2019-02-28,2.7978706297475284,LONG,30146,-9960.173738822255
LOMA,2018-11-02,1.7372229642856734,2019-03-01,1.862298899076062,LONG,44387,5551.745517540983
EDN,2018-11-20,1.2716545282511258,2019-03-01,1.322083928056727,LONG,71783,3619.973606245466
CRES,2019-01-02,0.8231503331865214,2019-03-01,0.8333760770630135,LONG,116971,1196.1154869771588
PAMP,2019-01-11,1.4754136957551125,2019-03-06,1.2125806908809404,LONG,66642,-17515.717110824575
YPFD,2019-01-22,16.2871122568592,2019-03-06,12.71711612432973,LONG,6151,-21959.04621118877
ALUA,2019-01-14,0.4651962620156725,2019-03-07,0.3939893457720771,LONG,247695,-17637.597118957357
TXAR,2019-01-16,0.32018731561255753,2019-03-07,0.2684746898541207,LONG,341659,-17668.08400400177
YPFD,2019-03-06,12.865519026815218,2019-03-07,12.140784766438005,LONG,8972,-6502.315784104354
GGAL,2018-11-13,1.7899445127273135,2019-03-08,1.9556102332451222,LONG,47382,7849.573169574812
TRAN,2018-12-12,0.8032786966562623,2019-03-08,0.8977614091127207,LONG,106656,10077.148179756032
SUPV,2019-01-09,1.5060092553550368,2019-03-08,1.307634900423854,LONG,62324,-12363.483296731032
BMA,2019-01-09,3.6863303079914664,2019-03-11,3.537852471047043,LONG,27718,-4115.508684425525
CEPU,2019-01-15,1.0152422920515531,2019-03-14,0.9414615063436595,LONG,108150,-7979.391974308692
TGNO4,2018-12-18,1.1006582193893784,2019-03-20,1.2252465652796043,LONG,80749,10060.384342289854
VALO,2019-01-16,0.11719822264575787,2019-03-28,0.11128188161908316,LONG,1055360,-6243.869665911421
LOMA,2019-03-20,2.171539107444746,2019-03-29,1.948118729177731,LONG,47467,-10605.0950952004
YPFD,2019-04-24,14.283641493710181,2019-04-25,13.970137192086783,LONG,9278,-2908.692910461889
COME,2019-06-19,0.013024774301878915,2019-08-02,0.012222734654226897,LONG,9446097,-7576.144309566785
CRES,2019-06-27,0.7004742056167745,2019-08-05,0.6866790675518382,LONG,108198,-1492.6063483499859
EDN,2019-06-25,0.9596440878761631,2019-08-06,0.8973195881574765,LONG,96071,-5987.577012473939
YPFD,2019-05-16,15.262492862618757,2019-08-07,15.765301797878502,LONG,7182,3611.1737730354894
TGNO4,2019-05-20,1.1955764235664588,2019-08-12,0.7913248714975187,LONG,63657,-25733.441050052515
TGSU2,2019-05-29,2.3958430623048397,2019-08-12,1.8313958088738425,LONG,45643,-25763.065988351005
GGAL,2019-05-30,1.9605630567035615,2019-08-12,1.398973344809257,LONG,45976,-25819.648594052545
BBAR,2019-06-03,2.2911882382972966,2019-08-12,1.649389770061652,LONG,40145,-25764.99950731995
VALO,2019-06-03,0.12209214480752704,2019-08-12,0.09736628937631885,LONG,1040725,-25732.815893644154
PAMP,2019-06-06,1.1145395740771737,2019-08-12,0.8394863898150218,LONG,95196,-26183.96292901982
SUPV,2019-06-10,1.0492976163580268,2019-08-12,0.7509920201912572,LONG,88247,-26324.573944928914
TRAN,2019-06-11,0.777621880134758,2019-08-12,0.595597486031687,LONG,149168,-27152.21481956688
BYMA,2019-06-18,0.07779158806994789,2019-08-12,0.056326818593044406,LONG,1296982,-27839.419645693233
LOMA,2019-06-18,1.9670442314817689,2019-08-12,1.3996245218230925,LONG,49104,-27862.577423079645
ALUA,2019-06-19,0.35167036335773394,2019-08-12,0.27619341139800235,LONG,365570,-27592.109327919075
CEPU,2019-06-21,0.8341176351703335,2019-08-12,0.6019150440972626,LONG,119533,-27755.87231873739
METR,2019-06-21,0.5063202795155077,2019-08-12,0.3482552392591221,LONG,175607,-27757.32752430311
TXAR,2019-06-26,0.2627963128296552,2019-08-12,0.19408725337859217,LONG,320442,-22017.268428617543
ALUA,2019-08-12,0.24882821042423928,2019-08-13,0.23532943415833504,LONG,231545,-3125.5741504887956
CEPU,2019-08-12,0.549733059887609,2019-08-13,0.3857399584838531,LONG,95914,-15729.234328039842
METR,2019-08-12,0.2589511008272906,2019-08-13,0.2011704223839823,LONG,118382,-6840.192275475724
BBAR,2019-08-12,1.793405259516219,2019-08-14,1.4545043879484398,LONG,28401,-9625.123653396498
BYMA,2019-08-12,0.04160122844135741,2019-08-14,0.033708942337066373,LONG,1098806,-8672.09132511162
LOMA,2019-08-12,1.2662408417219957,2019-08-14,1.004832800716796,LONG,36706,-9595.243553136863
PAMP,2019-08-12,0.7213637808760239,2019-08-14,0.6439977741732335,LONG,58028,-4489.394636949526
SUPV,2019-08-12,0.7516883469370551,2019-08-14,0.5899825079097756,LONG,52329,-8461.90485045851
TGNO4,2019-08-12,0.8467917487470431,2019-08-14,0.6647353716411027,LONG,55121,-10035.12956245654
TRAN,2019-08-12,0.5540317547731806,2019-08-14,0.33244888832721053,LONG,93865,-20798.875758950977
TXAR,2019-08-12,0.1695838103542254,2019-08-14,0.16791196167791214,LONG,291517,-487.3723105728123
VALO,2019-08-12,0.08846541508921917,2019-08-14,0.08630090361496733,LONG,438648,-949.4586291576212
BMA,2019-05-22,3.70513685009774,2019-08-15,3.0164917437491114,LONG,21739,-14970.45596691284
GGAL,2019-08-12,1.4417744373092434,2019-08-15,1.3415231472804696,LONG,30296,-3037.21308271173
TGSU2,2019-08-12,1.703159605130423,2019-08-15,1.7388178840550095,LONG,29969,1068.642961090933
ALUA,2019-10-30,0.343856793196416,2020-01-14,0.33193676076214734,LONG,188694,-2249.238600151888
PAMP,2019-12-27,0.6863695917712432,2020-01-23,0.5912727049039498,LONG,106301,-10108.894170880161
TXAR,2019-10-11,0.21217470384052411,2020-01-24,0.25317718606793604,LONG,339801,13932.684463356802
TGSU2,2020-01-07,1.352699067332114,2020-01-27,1.173171490342486,LONG,52420,-9410.835585796303
BYMA,2019-11-13,0.03221148705596104,2020-01-28,0.030808973621921913,LONG,1661731,-2330.6000512592695
YPFD,2019-11-06,10.071909441751451,2020-01-30,9.741058986426427,LONG,7259,-2401.6434552043474
CEPU,2019-11-11,0.3355056253566294,2020-01-30,0.3887617600474206,LONG,164487,8759.941826884165
TGNO4,2020-01-13,0.44361800831994375,2020-01-31,0.3956438937448195,LONG,147561,-7079.108320819908
EDN,2019-12-30,0.3396729074857132,2020-02-06,0.27044050010579085,LONG,184101,-12745.755431051088
CRES,2019-12-05,0.3809310375659559,2020-02-07,0.37253749841027023,LONG,142335,-1194.694395724523
SUPV,2019-12-18,0.5455659213311637,2020-02-07,0.5365255496199963,LONG,118686,-1072.9655569116067
LOMA,2019-11-01,1.0653956866089616,2020-02-14,1.1209200566615027,LONG,54213,3010.1426736584153
BBAR,2019-12-13,1.1421334686946625,2020-02-17,1.101594787642085,LONG,57453,-2329.06884251373
GGAL,2019-11-26,1.022382833010536,2020-02-18,1.0665623560976885,LONG,57024,2519.2931245217815
VALO,2019-10-30,0.10222349488795597,2020-02-19,0.1529295329492891,LONG,772905,39190.95034779468
TRAN,2019-12-10,0.28166142695525115,2020-02-19,0.28355771515504186,LONG,217179,411.8339749423461
METR,2019-12-26,0.2079308492439924,2020-02-27,0.20453991605956937,LONG,367692,-1246.8190044468784
COME,2019-11-13,0.006705386629128848,2020-02-28,0.007956662174175087,LONG,7006992,8767.67773393464
BMA,2019-11-29,2.042344755299914,2020-03-02,2.3082478561620623,LONG,31686,8425.405653918027
VALO,2020-03-06,0.1555029016132247,2020-03-10,0.1389892581989878,LONG,479264,-7914.394797280828
PAMP,2020-05-22,0.49693197349693813,2020-06-26,0.4529444929434017,LONG,110293,-4851.51119269119
CRES,2020-06-03,0.2667057942415769,2020-07-01,0.21205676866170872,LONG,195469,-10682.190381071257
TRAN,2020-05-20,0.2121486748762169,2020-07-02,0.1829678199936314,LONG,267518,-7806.4039364795035
CEPU,2020-05-22,0.30956137021436103,2020-07-03,0.24634188033342838,LONG,168577,-10657.351945657983
TRAN,2020-07-15,0.2180799065871603,2020-08-03,0.1877180602178494,LONG,286031,-8684.42927886037
METR,2020-06-04,0.1667067783629564,2020-08-12,0.15815314337819078,LONG,373006,-3190.5571711274797
CEPU,2020-07-07,0.27957843395581167,2020-08-13,0.2621309658332179,LONG,165781,-2892.458712831721
CRES,2020-07-20,0.2566381225803604,2020-08-19,0.2386751984839811,LONG,222025,-3988.218222498611
BBAR,2020-05-20,0.8841990914555377,2020-08-20,0.8488156512134124,LONG,50790,-1797.1249298975415
TGSU2,2020-05-21,1.0403574944262628,2020-08-21,0.936217196155537,LONG,57036,-5939.746052169116
BMA,2020-05-29,1.494823638246755,2020-08-21,1.4612545408763922,LONG,30130,-1011.4369037690325
TXAR,2020-05-11,0.21350854241139455,2020-08-24,0.24995811152392614,LONG,268335,9780.695127811163
YPFD,2020-06-02,5.325265477482702,2020-08-24,5.436400721019818,LONG,11188,1243.3811046932515
EDN,2020-06-03,0.1952314793450752,2020-08-24,0.18221300122722636,LONG,332965,-4334.69756650954
VALO,2020-05-18,0.14792416908207032,2020-08-25,0.16841718847465525,LONG,573905,11761.046294501459
PAMP,2020-07-13,0.4696161771060457,2020-08-25,0.436147871565844,LONG,121211,-4056.7267828333875
SUPV,2020-05-22,0.40269905164434583,2020-08-27,0.46867301928902383,LONG,120516,7950.918684666014
GGAL,2020-05-27,0.7326995545692296,2020-08-27,0.7916504948518827,LONG,67166,3959.4988550246726
LOMA,2020-05-28,0.8138477146871878,2020-09-04,0.8535164659880117,LONG,60169,2386.8290970192747
LOMA,2020-09-10,0.8411167665241274,2020-09-11,0.8333559152090197,LONG,71484,-554.776695409153
TGNO4,2020-06-04,0.262533920323168,2020-09-15,0.2596474389824491,LONG,205627,-593.5384986480154
LOMA,2020-09-14,0.8788380720659789,2020-09-16,0.8623119028166939,LONG,73313,-1211.5830461728283
PAMP,2020-09-02,0.4913987975767965,2020-09-23,0.40898641249286927,LONG,142584,-11750.687514806681
ALUA,2020-05-22,0.2530671675642033,2020-09-24,0.30450635855442676,LONG,254818,13107.631769746768
BYMA,2020-05-26,0.03266696128091474,2020-09-28,0.033991609459151154,LONG,2109390,2794.1996206901144
COME,2020-05-20,0.006534793441697667,2020-09-29,0.006960457478453872,LONG,10012002,4261.749187331197
COME,2020-12-10,0.00730724058681597,2021-01-08,0.006510670559212015,LONG,11266429,-8974.499659528004
TGNO4,2020-11-13,0.25707401968538335,2021-01-12,0.22587386656709887,LONG,229628,-7164.428760245427
BMA,2020-11-20,1.1794647669735092,2021-01-15,1.1173896252862112,LONG,44550,-2765.447562169126
PAMP,2020-10-21,0.4735048004459609,2021-01-18,0.523358813788318,LONG,142897,7123.988944582797
CEPU,2020-11-06,0.25111432627807356,2021-01-19,0.23815000855740887,LONG,236322,-3063.7534923829226
BBAR,2020-11-16,0.8219001957824513,2021-01-19,0.7373509985374179,LONG,69782,-5900.012082152921
YPFD,2020-11-19,4.953684785290492,2021-01-19,4.324864429010045,LONG,12086,-7599.922826005483
TGSU2,2020-10-30,1.0091581228094229,2021-01-20,1.0543070463549125,LONG,59181,2671.95844434562
TRAN,2020-11-11,0.1780828945440543,2021-01-20,0.16215352851479628,LONG,366236,-5833.907297091338
METR,2020-11-16,0.1367012910327336,2021-01-20,0.12646412600197326,LONG,388312,-3975.214027424606
EDN,2020-11-03,0.18047273785880605,2021-01-21,0.18710575987600067,LONG,281826,1869.358063017892
GGAL,2020-11-19,0.6270366204379801,2021-01-21,0.5986481317636789,LONG,90350,-2564.899951723115
SUPV,2020-11-19,0.3697887743334536,2021-01-21,0.35885004050005326,LONG,134007,-1465.8669048124775
VALO,2020-11-11,0.1730349339867279,2021-01-27,0.16308127328064945,LONG,444251,-4421.923722336057
LOMA,2020-11-12,0.8886116654392272,2021-01-27,0.9311859883444021,LONG,66648,2837.493472984099
BYMA,2020-11-17,0.03823046999646912,2021-01-28,0.03672261311637344,LONG,2028154,-3058.1659627935715
TXAR,2020-10-21,0.2500017581354726,2021-01-29,0.28063706821531736,LONG,221220,6777.1432958632595
ALUA,2020-11-30,0.331652494767274,2021-02-01,0.30239368591135546,LONG,269037,-7871.702158169753
COME,2021-02-18,0.006877817927047282,2021-03-08,0.006140658803430074,LONG,11668691,-8601.68203132
SUPV,2021-02-23,0.37651450325696645,2021-03-08,0.34317738337281906,LONG,101494,-3383.5176455216556
TGNO4,2021-02-24,0.24278646615125415,2021-03-08,0.21295187383784206,LONG,314206,-9374.20791242796
EDN,2021-02-19,0.1971357464299136,2021-03-09,0.16838287463304638,LONG,389979,-11213.016190470484
LOMA,2021-02-19,1.098153929236558,2021-03-09,0.9458229210877682,LONG,71007,-10816.567895621121
CRES,2020-11-05,0.26060107531362053,2021-03-10,0.35662278732179936,LONG,211848,20342.007645508667
PAMP,2021-02-12,0.5664537325391912,2021-03-10,0.5705499108813441,LONG,135552,555.245166635513
YPFD,2021-03-26,4.394356989469466,2021-04-06,4.232425723715108,LONG,13186,-2135.2256702369546
BMA,2021-03-29,1.1157042239856394,2021-04-06,1.0445647928388502,LONG,59232,-4213.730785686619
COME,2021-04-05,0.006362029068250724,2021-04-06,0.006275236322194142,LONG,11923576,-1034.8799038543505
YPFD,2021-04-07,4.4510585725938,2021-04-08,4.323244315540045,LONG,15757,-2013.9692483960182
ALUA,2021-04-14,0.2946752544836487,2021-04-22,0.27291329402910425,LONG,245245,-5337.011991674748
EDN,2021-04-19,0.1802981674981943,2021-04-26,0.1760373120108225,LONG,388271,-1654.366620937332
PAMP,2021-03-16,0.5979175983336811,2021-04-30,0.5723702234397756,LONG,107830,-2754.773434809826
BYMA,2021-02-25,0.03872332236258131,2021-05-03,0.03881020715964783,LONG,2797613,243.07003777565626
LOMA,2021-03-18,1.0665752409555458,2021-05-07,1.065926357717726,LONG,65325,-42.388297510575356
CRES,2021-04-09,0.42119132647183344,2021-07-05,0.47406750452360935,LONG,170775,9029.929306792032
VALO,2021-05-27,0.1484156290425318,2021-07-05,0.13714251163840926,LONG,563914,-6357.0687278283585
BYMA,2021-05-10,0.042948066081156124,2021-07-08,0.0405369821434847,LONG,3193347,-7699.427659111219
TGSU2,2021-05-21,0.9456599676527477,2021-07-12,0.8956435082544857,LONG,98427,-4922.970049192739
BMA,2021-05-17,1.1914847419858428,2021-07-13,1.158300573218358,LONG,75199,-2495.416307146086
GGAL,2021-05-17,0.6271798802274172,2021-07-16,0.6394057043774376,LONG,176328,2155.755120724794
YPFD,2021-05-20,4.720352182351122,2021-07-16,4.4789527623262435,LONG,18808,-4540.240291827912
BBAR,2021-05-18,0.7879627567312452,2021-07-22,0.8036780251821077,LONG,111373,1750.2565931779175
CRES,2021-07-15,0.4737473497408504,2021-07-23,0.4638230986495259,LONG,159537,-1583.2852463566364
SUPV,2021-05-27,0.3549006882705669,2021-07-27,0.37236560957536485,LONG,225404,3936.663121786673
CEPU,2021-06-03,0.24162544949323186,2021-07-30,0.25123970302907156,LONG,227258,2184.9160300478575
PAMP,2021-05-18,0.6174844254660263,2021-08-09,0.6551589513506835,LONG,148204,5583.515434209727
TGNO4,2021-06-03,0.22976283946732767,2021-08-09,0.2546402517448381,LONG,215092,5350.932361594277
TRAN,2021-06-02,0.14961153199841742,2021-08-20,0.15879176712198537,LONG,407807,3743.764145036872
METR,2021-06-09,0.14583441346414816,2021-08-23,0.15783154187226608,LONG,304991,3659.016190320294
BYMA,2021-08-13,0.0430898715784968,2021-08-23,0.03982102608121645,LONG,3124327,-10212.942245981418
LOMA,2021-05-18,1.1653388642313158,2021-09-17,1.291720875795614,LONG,98689,12472.514339269022
ALUA,2021-05-28,0.28693116764358306,2021-09-28,0.2982853149929617,LONG,262517,2980.6566997168266
BYMA,2021-09-06,0.04384186522027255,2021-09-30,0.04139263384756507,LONG,1290284,-3160.204052502497
COME,2021-05-18,0.007059676546884021,2021-10-01,0.010490779347013715,LONG,15975938,54815.08560649839
TXAR,2021-04-09,0.2902708000052082,2021-10-05,0.4211428311099334,LONG,252344,33024.77181709077
YPFD,2021-08-27,5.119186075151353,2021-10-05,5.031284855237342,LONG,15158,-1332.4066914565788
COME,2021-10-18,0.011342801012983347,2021-11-01,0.009923413239020266,LONG,9248398,-13127.063049944605
BMA,2021-08-30,1.405374805566017,2021-11-05,1.2985207118880349,LONG,49693,-5309.900477139961
CRES,2021-10-28,0.4004955317021481,2021-11-08,0.38105095344580886,LONG,204988,-3985.9052076104635
SUPV,2021-08-27,0.4419926432490489,2021-11-10,0.45614579345540146,LONG,216743,3067.5962351754706
BBAR,2021-08-27,1.0253814905147405,2021-11-12,1.0308256658800456,LONG,97547,531.0629743594235
EDN,2021-05-31,0.1968226907755798,2021-11-15,0.34281386194549396,LONG,344431,50283.88507722471
TGNO4,2021-08-13,0.2913956519086234,2021-11-18,0.3398506159284906,LONG,329989,15989.60512195196
METR,2021-08-27,0.17130213828059243,2021-11-18,0.16714653859890397,LONG,489327,-2033.4471254415716
TGSU2,2021-08-27,1.0373899853312742,2021-11-24,0.9265499554846437,LONG,83111,-9212.025720583311
TRAN,2021-08-24,0.17441796669338794,2021-11-26,0.24141827061067803,LONG,545814,36569.70388231177
GGAL,2021-08-27,0.8043393867777133,2021-11-26,0.7254843926443891,LONG,143915,-11348.416480697351
PAMP,2021-08-30,0.7389355914090334,2021-11-29,0.7018808094151694,LONG,85060,-3151.8797563980743
CEPU,2021-08-06,0.2483444524723669,2021-11-30,0.3040535170922299,LONG,381913,21276.015996165737
TGNO4,2021-12-21,0.39818149480765264,2022-01-11,0.3647385021754698,LONG,161021,-5385.024116626709
ALUA,2021-10-27,0.35563682433458876,2022-01-19,0.4036444640862472,LONG,256494,12313.671550461882
TXAR,2021-10-25,0.45573949083764104,2022-01-24,0.48395780632236396,LONG,222395,6275.612272224955
VALO,2021-12-27,0.11781926869039427,2022-01-25,0.0984108109357581,LONG,1154258,-22402.367630950845
VALO,2022-01-25,0.09620050202540162,2022-01-31,0.10786053806479802,LONG,1290163,15043.34707669578
COME,2021-12-17,0.01152231525508646,2022-02-03,0.011719333980881073,LONG,7411379,1460.1804469609465
GGAL,2022-02-15,0.7007845755574209,2022-02-16,0.729105447616559,LONG,110849,3139.340346883403
GGAL,2022-02-17,0.7338389491894133,2022-02-18,0.7469467662384549,LONG,111222,1457.8776278285077
LOMA,2022-02-17,1.1607219148242303,2022-03-04,0.9970251313318466,LONG,78137,-12790.775571744385
BBAR,2022-02-11,0.8102903485787638,2022-04-25,0.778411988589852,LONG,91077,-2903.385392710116
SUPV,2022-02-25,0.38798509516673513,2022-04-25,0.34492510046633945,LONG,187010,-8052.649608920995
METR,2022-02-09,0.2057813292717452,2022-04-26,0.18141322616746536,LONG,436169,-10628.611162890633
TRAN,2022-02-15,0.24168289422890976,2022-04-26,0.21584040421044068,LONG,273273,-7062.054774817102
GGAL,2022-02-22,0.7623810248339513,2022-04-27,0.7058743672684831,LONG,120260,-6795.490638823211
EDN,2022-02-09,0.30867198473713314,2022-04-28,0.31163708830874404,LONG,218073,646.6090311719025
TXAR,2022-02-23,0.5136921352831919,2022-04-28,0.5079736721144914,LONG,156940,-897.4556096958572
ALUA,2022-02-16,0.44603912935204765,2022-04-29,0.4301504051679434,LONG,267655,-4252.696471496423
TGNO4,2022-02-14,0.3884053387088514,2022-05-02,0.39325424464137515,LONG,157629,764.3281932377845
BMA,2022-02-23,1.1926818520733824,2022-05-04,1.2163316093462941,LONG,73240,1732.108222668056
BYMA,2021-12-03,0.04320548611719886,2022-05-05,0.05574501361530381,LONG,1492627,18716.837310913896
YPFD,2022-01-27,4.064365975608343,2022-05-05,4.413997683823618,LONG,19814,6927.602666577465
VALO,2022-02-04,0.11978927749041515,2022-05-05,0.1555053478368135,LONG,861730,30777.609299601845
CEPU,2022-02-11,0.3374514281690508,2022-05-05,0.3687819034021985,LONG,167298,5241.525845555143
PAMP,2021-12-20,0.7675028386095821,2022-05-09,0.8105422012623654,LONG,88346,3802.3555329227934
LOMA,2022-04-19,1.1452827751437211,2022-05-09,0.9827184150769337,LONG,63820,-10374.857459462373
CRES,2022-01-31,0.3600199849409271,2022-05-11,0.4579706577282306,LONG,220164,21565.21192354389
TGSU2,2022-02-08,0.9782682564462308,2022-05-12,1.192174632762428,LONG,73082,15632.705793940328
BMA,2022-05-31,1.3146008140731769,2022-06-10,1.044033161279139,LONG,69022,-18675.120531150085
CEPU,2022-06-09,0.3607953474695624,2022-06-10,0.34021812475253554,LONG,237525,-4887.604825861798
TGSU2,2022-06-02,1.3191651493009768,2022-06-15,1.0918598658001857,LONG,60202,-13684.232677314629
PAMP,2022-06-02,0.9573267787046199,2022-06-16,0.8283783048793105,LONG,97767,-12606.905440479022
LOMA,2022-05-30,1.11083853447506,2022-06-21,0.9663800206923276,LONG,74568,-10771.982455750785
BYMA,2022-07-20,0.053347318207128604,2022-09-27,0.05744136120347158,LONG,1093842,4478.236179205797
COME,2022-02-10,0.011976662873385386,2022-09-28,0.01762235256328073,LONG,8474289,47843.20603649352
ALUA,2022-07-28,0.4483292111008693,2022-09-30,0.41633964857811173,LONG,156967,-5021.30566050969
TXAR,2022-08-02,0.4658394973053063,2022-10-03,0.4841705996422828,LONG,116516,2135.8667198951525
CRES,2022-08-09,0.4527118053600702,2022-10-03,0.3961713132209826,LONG,156526,-8850.05707256283
PAMP,2022-08-01,1.0179749720328521,2022-10-05,0.979054662708999,LONG,69762,-2715.1586190506437
GGAL,2022-08-12,0.625671412642074,2022-10-12,0.5912595882252238,LONG,129574,-4458.877736988948
VALO,2022-08-02,0.1773461262017305,2022-10-13,0.18130142869110813,LONG,522059,2064.901262302003
TRAN,2022-08-04,0.2301152838406068,2022-10-14,0.25889158695278874,LONG,323507,9309.335490912641
SUPV,2022-08-05,0.3469868383659131,2022-10-14,0.35326869576966163,LONG,185590,1165.849915561691
TGNO4,2022-08-09,0.39498851520751443,2022-10-19,0.37787059168149295,LONG,194278,-3325.6359467884017
METR,2022-08-05,0.21214622211628323,2022-10-20,0.21671865474915733,LONG,320642,1466.1139442700178
EDN,2022-08-04,0.35292278154153195,2022-10-25,0.33537630627539766,LONG,175720,-3083.266633765117
CEPU,2022-08-04,0.3953611592221199,2022-10-26,0.4431512952496336,LONG,160786,7683.984811319817
BBAR,2022-08-08,0.7409481692833372,2022-10-26,0.8551124623461666,LONG,92528,10563.393708517477
BMA,2022-08-11,1.082610569305667,2022-10-26,1.2671740166924859,LONG,65166,12027.261612409444
BMA,2022-11-01,1.3013315635518765,2022-11-10,1.140991278618814,LONG,71458,-11457.596080746773
BBAR,2022-11-07,0.8743907372880008,2022-11-10,0.8357492690450324,LONG,105314,-4069.4875865399663
LOMA,2022-08-03,1.1622777957078956,2022-11-18,1.2217172954218405,LONG,64384,3826.952749582629
SUPV,2022-11-02,0.383755279125368,2022-11-22,0.34133064398360746,LONG,201372,-8543.133627766603
LOMA,2022-12-07,1.268932313734594,2022-12-22,1.3227707685915666,LONG,65743,3539.5015376619485
LOMA,2022-12-23,1.3070781318370672,2023-02-23,1.3158533849160516,LONG,61979,543.8814105823749
ALUA,2022-11-11,0.4616595376460138,2023-02-28,0.5398188276079015,LONG,228893,17890.114357246348
TXAR,2022-11-07,0.5081585431841389,2023-03-03,0.6002668948460228,LONG,209912,19334.648314049376
METR,2022-11-25,0.2684850000063111,2023-03-06,0.3216801063363719,LONG,317511,16890.031405963935
TGSU2,2022-08-10,1.1868241629527394,2023-03-09,2.096137514109821,LONG,60077,54628.818197463996
CEPU,2022-10-31,0.4752087771042676,2023-03-10,0.581988924901119,LONG,154510,16498.6006360915
EDN,2022-10-28,0.3793524964144245,2023-03-13,0.4026507779093147,LONG,188110,4382.639732003799
PAMP,2022-11-07,1.0804775485858846,2023-03-13,1.2251752202818225,LONG,94674,13699.107370141219
VALO,2022-12-30,0.18367406123976274,2023-03-13,0.18351144780953582,LONG,357264,-58.095924536588754
TGNO4,2022-11-07,0.4888058681153429,2023-03-14,0.7358377621646521,LONG,158030,39038.45021661234
TRAN,2022-11-04,0.29311525953461676,2023-03-15,0.4089133543513707,LONG,271821,31476.35393118488
BYMA,2022-12-01,0.06073808515064288,2023-03-16,0.05758531705907076,LONG,1776028,-5599.4044081386455
BMA,2022-12-27,1.3822548312318423,2023-03-16,1.4519243227643788,LONG,52748,3674.926339358232
GGAL,2022-12-14,0.6200489889400655,2023-03-17,0.8569779892290564,LONG,143987,34114.69596461093
YPFD,2022-08-11,4.363175583867118,2023-03-20,9.600705774605727,LONG,18743,98167.02836501374
SUPV,2022-12-21,0.3577566659431434,2023-03-20,0.426764738642892,LONG,224597,15499.00610414543
CRES,2022-11-30,0.44428207673628567,2023-03-22,0.48847003343099865,LONG,201221,8891.54483406684
BBAR,2022-12-07,0.8281108140544595,2023-03-22,1.1403302062685818,LONG,94387,29469.451772914363
COME,2022-11-24,0.023306471782455013,2023-03-23,0.024192145018057772,LONG,4477437,3965.546114997513
LOMA,2023-04-13,1.4287363248402027,2023-04-21,1.2842138754823278,LONG,77724,-11232.862853891473
BBAR,2023-04-24,1.2412092882648773,2023-05-04,1.1255396804188071,LONG,65879,-7620.198095291256
YPFD,2023-04-13,12.843758105331256,2023-05-08,11.705153703289763,LONG,6743,-7677.609482965784
BYMA,2023-04-19,0.07469847295032518,2023-05-16,0.06864297010917932,LONG,1100588,-6664.613760931046
BYMA,2023-05-30,0.07704539672878914,2023-06-27,0.06985059258476488,LONG,1227173,-8829.269385834688
TGNO4,2023-04-27,0.9838247076415352,2023-07-11,1.0865207378743065,LONG,71337,7326.026708715206
VALO,2023-05-30,0.19532497318264472,2023-07-26,0.18266566657555391,LONG,616211,-7800.803983662031
TGSU2,2023-04-18,2.1781695526385314,2023-08-03,2.2166057392284975,LONG,46504,1787.4364211797815
CEPU,2023-04-21,0.608539042725427,2023-08-07,0.6157193140316097,LONG,138311,993.1105046294363
TXAR,2023-04-25,0.6414727964898311,2023-08-07,0.6871983076258837,LONG,138246,6321.36901251473
TRAN,2023-05-16,0.5331480848156538,2023-08-08,0.48279587324837264,LONG,172435,-8682.483601604124
METR,2023-05-03,0.3520310695427326,2023-08-09,0.3755763446077072,LONG,225246,5303.4790272852715
BBAR,2023-05-31,1.2750435694177347,2023-08-11,1.4966505103465655,LONG,68331,15142.623880607938
COME,2023-04-26,0.0265467453415283,2023-08-17,0.02922315191383102,LONG,3533860,9458.046129597697
CRES,2023-05-30,0.5432447660988827,2023-08-17,0.639041195724957,LONG,162204,15538.56407106775
LOMA,2023-06-26,1.3699530230892571,2023-08-17,1.2706596638135106,LONG,65686,-6522.183597386688
BMA,2023-06-08,1.8939145142029459,2023-08-18,1.935602886686504,LONG,51557,2149.3274201348086
EDN,2023-04-19,0.46465421894939796,2023-08-25,0.722492801100459,LONG,167531,43195.955506349404
SUPV,2023-06-12,0.5059988942880189,2023-08-28,0.5647799319670792,LONG,186950,10989.11499410032
YPFD,2023-06-07,12.897296897498677,2023-09-07,14.356718794402639,LONG,9408,13730.241206072471
TGSU2,2023-08-29,2.5299491235266296,2023-09-07,2.403040644132911,LONG,35108,-4455.502894554677
LOMA,2023-08-30,1.413802072432528,2023-09-07,1.2847744427896026,LONG,77043,-9940.675670579898
CRES,2023-08-22,0.6596490375092939,2023-09-11,0.5750564052704611,LONG,146467,-12390.02906612513
CEPU,2023-08-25,0.7225364614744186,2023-09-14,0.6331694707878175,LONG,123582,-11044.151443031542
PAMP,2023-04-13,1.4945930090634973,2023-09-15,1.6934324664705966,LONG,69651,13849.367047861873
GGAL,2023-05-22,0.9535992931851065,2023-09-19,1.40705474477272,LONG,106565,48322.48019843403
BYMA,2023-09-26,0.06269494457843845,2023-10-04,0.05095386662334656,LONG,915264,-10746.185973489224
TXAR,2023-09-28,0.7340693069207573,2023-10-05,0.7555907384715186,LONG,87126,1875.0762452916247
LOMA,2023-10-23,1.304458406676023,2023-11-01,1.1537921228845285,LONG,51604,-7774.982908776282
CEPU,2023-10-25,0.6220234635328558,2023-11-02,0.6033812088799638,LONG,78187,-1457.5819645456615
TGSU2,2023-10-24,2.4601310915290977,2023-11-03,2.273245997424004,LONG,26320,-4918.815676846066
TXAR,2023-10-09,0.9010375915507434,2023-12-22,0.8892605938633034,LONG,82596,-972.7329009917946
ALUA,2023-04-11,0.6099567331968169,2023-12-27,0.9988475813806487,LONG,142613,55460.8905320408
CRES,2023-10-19,0.7352505978314234,2024-02-09,0.7304661214663299,LONG,96775,-463.0177002319228
PAMP,2023-11-29,1.8713305099215576,2024-02-15,1.8112595358025574,LONG,32579,-1957.0522658229074
TGSU2,2023-11-27,3.3111970731049314,2024-02-16,2.7444757239281934,LONG,18280,-10359.66626295077
LOMA,2023-11-28,1.4161151893142059,2024-02-19,1.2969430966025468,LONG,41767,-4977.4607962878645
CEPU,2023-11-24,0.8179192195123908,2024-02-20,0.8445840214820947,LONG,67507,1800.0607865688005
TRAN,2023-10-24,0.5431802104569795,2024-02-22,1.0433017720746858,LONG,128953,64492.175735288074
EDN,2023-11-27,0.9591536146210445,2024-02-22,0.9545426732594786,LONG,64955,-299.50369614051453
YPFD,2023-11-28,18.869585518372414,2024-02-22,16.963651182731464,LONG,3788,-7219.679263407918
TGNO4,2023-11-27,1.088280520263995,2024-02-23,1.372132532443094,LONG,59250,16818.23172161162
METR,2023-11-28,0.4660632268629032,2024-02-26,0.7744664427080706,LONG,138210,42624.40846196059
EDN,2024-04-09,0.9972967623444627,2024-04-18,0.8092615416088833,LONG,81319,-15290.836114996584
METR,2024-04-09,0.9298325695976315,2024-04-22,0.7437187072703059,LONG,79550,-14805.357748138755
EDN,2024-05-09,1.0423229004742598,2024-06-03,0.9059700810050758,LONG,105244,-14350.316132214799
LOMA,2024-03-18,1.3476420170996233,2024-06-04,1.4340152324640816,LONG,49459,4271.932858710743
BYMA,2023-10-26,0.06405666071683874,2024-06-05,0.12006330349715835,LONG,990588,55479.50825847124
CEPU,2024-04-03,0.9591121107949219,2024-06-05,0.9037516620424824,LONG,85914,-4756.237594117088
VALO,2023-11-30,0.17429682742385375,2024-06-06,0.2282510598789703,LONG,434818,23460.271447668867
ALUA,2024-04-05,0.7974511042496832,2024-06-06,0.7300752381575466,LONG,97801,-6589.427079677055
CRES,2024-04-08,0.8319989994710125,2024-06-07,0.7083819499439672,LONG,156291,-19320.232287631443
TXAR,2024-04-08,0.7337322891347529,2024-06-07,0.6775648480646778,LONG,100628,-5652.017259999517
YPFD,2024-02-26,18.848460412895214,2024-06-11,20.713462511272546,LONG,5022,9366.04053805096
METR,2024-05-10,0.9619119286625757,2024-06-11,0.796700818229099,LONG,93679,-15476.811614297663
PAMP,2024-04-12,1.8892095052411828,2024-06-19,1.8582411919134212,LONG,57835,-1791.0524013110933
TRAN,2024-04-04,1.1270189144442602,2024-06-25,1.1336668253973052,LONG,85257,566.7809441237632
TGNO4,2024-04-03,1.6982004673208588,2024-06-27,1.731607559142395,LONG,50046,1671.8913173005965
TGNO4,2024-06-28,1.8162337375229618,2024-07-02,1.654441383920559,LONG,40849,-6609.055852304554
BBAR,2023-11-29,1.497525248426529,2024-07-05,2.58848488663417,LONG,35419,38640.69942567644
GGAL,2023-11-30,1.4711833351894061,2024-07-05,2.568146525967965,LONG,47558,52169.37542704671
BMA,2023-11-28,2.623755209331825,2024-07-08,4.575024897035892,LONG,24824,48438.318727565755
SUPV,2023-11-29,0.6549242102029694,2024-07-08,1.2251909838386714,LONG,87268,49766.04080164044
TGSU2,2024-04-04,3.3827982018197456,2024-07-11,3.5199724389451013,LONG,28548,3916.050121454655
TRAN,2024-06-26,1.1477139499977782,2024-07-17,1.0571069641568382,LONG,70960,-6429.471715273099
TGNO4,2024-07-19,1.916922371446295,2024-07-31,1.6923729628135125,LONG,43630,-9797.090698648306
TRAN,2024-08-15,1.1504545218120898,2024-08-30,1.1188621865048043,LONG,78299,-2473.648262225152
VALO,2024-08-02,0.25517803525999255,2024-10-03,0.24981773496961185,LONG,607058,-3254.0131736779294
ALUA,2024-09-25,0.7330133683805905,2024-10-07,0.7188626619009494,LONG,166654,-2358.2718376581106
TXAR,2024-10-07,0.6783303278418337,2024-10-08,0.676678902898008,LONG,202098,-333.74967829727444
ALUA,2024-10-14,0.7385885569934135,2024-10-23,0.6777221924896305,LONG,167008,-10165.169803047795
TXAR,2024-10-10,0.6734339414969743,2024-10-24,0.6303051529104535,LONG,203518,-8777.484795551542
COME,2023-11-23,0.029043981175886645,2024-10-30,0.09297279929353039,LONG,2457639,157113.95662982785
COME,2024-11-11,0.10091939465388783,2024-12-12,0.09408335826158186,LONG,1179126,-8060.548247114169
ALUA,2024-11-07,0.7381847330049625,2025-01-08,0.7364036387761062,LONG,199014,-354.46268686160886
TXAR,2024-11-07,0.659199450856143,2025-01-10,0.7042735596445588,LONG,200574,9040.69429612773
EDN,2024-08-16,0.8721146832533677,2025-01-21,1.7469033851202758,LONG,105918,92655.86972433917
COME,2024-12-26,0.09656291343838413,2025-01-22,0.09369901084664761,LONG,1223976,-3505.348038623302
TGNO4,2024-08-19,1.9297081905551807,2025-01-24,2.7887088998974856,LONG,48690,41824.744537876824
LOMA,2024-08-21,1.441249867410009,2025-01-28,2.2693203658008225,LONG,78100,64672.30592432254
CEPU,2024-08-21,0.932344927704588,2025-01-29,1.3348425691472254,LONG,99675,40118.95241079489
TGSU2,2024-08-16,3.7735631028915457,2025-02-03,5.3483701291362165,LONG,25426,40041.043449296994
METR,2024-08-21,0.854649517062539,2025-02-04,1.9875172919042603,LONG,104048,117872.62623673142
PAMP,2024-08-13,2.130338181135364,2025-02-06,3.424256808812284,LONG,51558,66711.85660576663
YPFD,2024-08-20,21.96946891869539,2025-02-06,39.71628715053653,LONG,5463,96950.86800054814
CRES,2024-09-05,0.774220148230634,2025-02-10,1.1372921889611989,LONG,165717,60167.20937374702
VALO,2024-10-18,0.27046818021195773,2025-02-10,0.32183407482387805,LONG,410456,21083.439638830365
BMA,2024-08-21,5.400073934585961,2025-02-12,8.392630964574742,LONG,17114,51214.621011227995
TRAN,2024-09-05,1.2166510297992998,2025-02-12,1.7518762964539603,LONG,91736,49099.42506183193
GGAL,2024-08-15,3.263942358686729,2025-02-17,5.4846948797973685,LONG,35844,79600.65336668976
SUPV,2024-08-19,1.4252527485078677,2025-02-18,2.6228474188510784,LONG,67686,81060.39285685057
BYMA,2024-09-09,0.1250834936168448,2025-02-19,0.17232019379584626,LONG,887662,41930.223754292805
BBAR,2024-08-16,3.4070033589150217,2025-02-24,6.416170109058225,LONG,27306,82168.3072794103
TGSU2,2025-05-05,4.676865613985938,2025-05-07,5.091338702531947,LONG,17194,7126.450284460076
SUPV,2025-04-28,3.149307868416281,2025-06-06,2.3423477000416937,LONG,28020,-22611.023917855935
BBAR,2025-04-29,6.786669232545404,2025-06-10,5.764753623179006,LONG,13886,-14190.320151661805
BMA,2025-04-29,8.586847978134992,2025-06-10,7.10275292563437,LONG,11329,-16813.31284977955
GGAL,2025-04-29,5.937146115561471,2025-06-10,5.233619824050439,LONG,17948,-12626.889880040007
TXAR,2025-06-02,0.5586958156067302,2025-06-10,0.5034200115505144,LONG,243511,-13460.266321533165
PAMP,2025-05-21,3.3650078403987522,2025-06-11,3.074168991991348,LONG,46592,-13550.763624997779
COME,2025-05-22,0.06273769485343812,2025-06-12,0.05491964399914653,LONG,1813636,-14179.098479173992
EDN,2025-05-21,1.8765569705645766,2025-06-13,1.5444661883381412,LONG,64629,-21462.695164512294
ALUA,2025-05-28,0.6763364338272163,2025-06-13,0.5766123943416918,LONG,206942,-20637.09217921342
CRES,2025-04-29,1.0490104690827582,2025-06-19,1.038698720607292,LONG,96487,-994.9496751523103
BYMA,2025-05-29,0.17459201172339542,2025-06-24,0.15773048985215993,LONG,900968,-15191.691637283298
METR,2025-05-19,1.9583924506122994,2025-06-27,1.647550226998685,LONG,53987,-16781.439126228197
LOMA,2025-05-05,2.206678220294824,2025-07-01,2.1456706071862985,LONG,36105,-2202.6798712833065
TGNO4,2025-05-14,2.888107484588629,2025-07-01,2.2194348904286905,LONG,37787,-25267.131315521598
TRAN,2025-05-08,1.5629294691443436,2025-07-03,1.4930819001926192,LONG,50874,-3553.425222850027
TGSU2,2025-05-12,5.237362350386505,2025-07-03,5.359318011843344,LONG,18691,2279.473268289784
ECOG,2025-05-15,22.325750005452374,2025-07-03,19.43867507998475,LONG,4723,-13635.654872983581
CEPU,2025-05-20,1.3493143813725588,2025-07-04,1.1764356611363438,LONG,103076,-17819.646967068096
YPFD,2025-05-22,36.02117633974533,2025-07-07,31.261414442016218,LONG,4715,-22442.27734779277
TGSU2,2025-07-04,5.465524009029264,2025-07-08,5.3670902222407015,LONG,24098,-2372.057394030774
VALO,2025-05-26,0.28934785238036753,2025-07-16,0.25928218126918745,LONG,527893,-15871.457319894187
LOMA,2025-08-08,2.405904579716078,2025-08-18,2.1856457911549985,LONG,65343,-14392.37002094661
EDN,2025-08-14,1.4895530240911743,2025-08-18,1.3800021044682353,LONG,80487,-8817.424867691487
CRES,2025-08-06,1.0983517936072755,2025-08-19,1.0416844170928454,LONG,154359,-8747.119571390916
EDN,2025-08-19,1.4072876792356774,2025-08-21,1.2406215670578644,LONG,73660,-12276.625823017706
CEPU,2025-08-08,1.285655259785779,2025-08-25,1.0654963023177333,LONG,127142,-27991.45017040228
PAMP,2025-08-07,3.3050714818637763,2025-08-26,2.6708197930150472,LONG,47942,-30407.29446678577
YPFD,2025-08-11,34.580262792156226,2025-08-26,30.124789962480587,LONG,5249,-23386.776882967428
TRAN,2025-08-12,1.6576590051624407,2025-08-27,1.5836961900345699,LONG,68227,-5046.260987729243
TGNO4,2025-08-14,2.6259016180402965,2025-09-02,2.168727985996587,LONG,49169,-22478.77031395715
TGSU2,2025-08-04,5.69396984709287,2025-09-03,5.319960819640753,LONG,25142,-9403.334968201127
TXAR,2025-10-31,0.4634378749314337,2026-01-02,0.41794626057734835,LONG,194577,-8851.621846174861
COME,2025-11-05,0.04095760271596617,2026-01-13,0.036656654761073236,LONG,2050130,-8817.502430764653
EDN,2025-10-30,1.596572670467092,2026-01-14,1.4094652674362196,LONG,61718,-11547.894700259381
ALUA,2025-10-27,0.5795951146455571,2026-01-15,0.6210161009395919,LONG,164642,6819.634025422476
PAMP,2025-10-30,3.2870613803734248,2026-01-16,3.182276305665958,LONG,32654,-3421.651829497613
METR,2025-10-31,1.535289478857933,2026-01-16,1.521814706340256,LONG,49080,-661.3418351675834
YPFD,2025-10-31,34.277006408415154,2026-01-16,34.19956693641009,LONG,3107,-240.60443951972405
TGSU2,2025-10-30,6.3057912194918755,2026-01-19,5.809965039390131,LONG,16845,-8352.192003813883
ECOG,2025-11-11,2.1446686783653006,2026-01-19,2.12261790927719,LONG,39432,-869.5059266823794
SUPV,2025-10-30,2.3244219761212075,2026-01-22,2.251581574224089,LONG,39867,-2903.9283024324227
TGNO4,2025-11-03,2.790782612980652,2026-01-22,2.9187781730566686,LONG,32722,4188.270716807413
TRAN,2025-11-03,1.8877426158328416,2026-01-22,2.274759619841102,LONG,43493,16832.53055533127
LOMA,2025-11-03,2.218925530891235,2026-01-26,2.350456278225268,LONG,45746,6017.005567542675
CEPU,2025-10-29,1.4254046053605474,2026-01-28,1.7626396895105165,LONG,73409,24756.090292365086
GGAL,2025-10-30,5.082226014422834,2026-01-28,5.4256187590019636,LONG,22267,7646.326243543479
TXAR,2026-01-21,0.4918544852969346,2026-01-28,0.4562092951831568,LONG,284753,-10150.074820468573
ALUA,2026-01-30,0.6939986531243727,2026-02-12,0.6518314063897561,LONG,211305,-8910.150071258156
CEPU,2026-01-29,1.7276830459880252,2026-02-13,1.567962202777525,LONG,72033,-11505.17149898196
GGAL,2026-01-29,5.527809754265931,2026-02-13,4.676244813143039,LONG,31731,-27021.007146770495
ECOG,2026-01-30,2.275839243801565,2026-02-13,2.1944623842366675,LONG,57996,-4719.532347325801
TGSU2,2026-01-30,6.523190390663789,2026-02-13,5.888417006064068,LONG,19634,-12463.140633230922
SUPV,2026-02-03,2.422576389478196,2026-02-18,2.143279384649687,LONG,51928,-14503.33486673483
BBAR,2025-10-31,5.033182400570657,2026-02-23,5.581698922542892,LONG,19377,10628.604646256006
BMA,2025-10-28,7.571839057286862,2026-02-24,8.649044461072139,LONG,14438,15552.691619851823
CRES,2025-10-29,1.1599927639360728,2026-02-25,1.167741167941458,LONG,93993,728.2957376781743
VALO,2025-10-31,0.267555764821704,2026-03-02,0.35217392584442236,LONG,447274,37847.50335327533
BYMA,2025-10-29,0.1654534153821035,2026-03-18,0.21374676679762897,LONG,611806,29546.162156126968
BYMA,2026-03-25,0.21533807835815746,2026-03-30,0.2076448833282871,LONG,719549,-5535.630790548194
CRES,2026-04-08,1.2324178990539256,2026-04-20,1.1502422428625452,LONG,116800,-9598.116643153237
EDN,2026-04-06,1.5540098602389143,2026-04-24,1.2489109609232572,LONG,71974,-21959.188179345107
CEPU,2026-04-09,1.6950493513511897,2026-04-24,1.4398739048683689,LONG,77339,-19735.013855534882
ECOG,2026-04-17,2.119051419162394,2026-04-24,1.8963219172249777,LONG,71935,-16022.046721868039
TRAN,2026-02-05,2.5326708354367864,2026-04-27,2.474963601993292,LONG,42483,-2451.576398379976
PAMP,2026-03-26,3.422236043809662,2026-04-27,3.1710471150539052,LONG,38706,-9722.518676420319
BBAR,2026-04-21,5.59357221234355,2026-04-27,4.759039053832845,LONG,21292,-17768.880011009922
TGSU2,2026-03-20,6.632796166208989,2026-04-28,6.155523064284713,LONG,18505,-8831.938751108719
TGNO4,2026-03-23,2.8737479522680007,2026-04-28,2.7979650292203244,LONG,37546,-2845.345628748055
BYMA,2026-04-07,0.22218470598132004,2026-04-30,0.2006672318690363,LONG,866871,-18652.874301189524
GGAL,2026-04-20,4.685077174651039,2026-04-30,4.179881915862154,LONG,31239,-15781.79468930598
COME,2026-04-10,0.032937388230703135,2026-05-05,0.0293085723902321,LONG,2590469,-9400.334941449159
TXAR,2026-04-13,0.4898337886913102,2026-05-15,0.4146310324086608,LONG,267373,-20107.186555560827
LOMA,2026-04-13,2.4883965797375405,2026-05-18,2.089761298823755,LONG,50872,-20279.374010646105
LOMA,2026-05-21,2.176765710510348,2026-05-25,2.2112335011536164,LONG,52738,1817.7623429446908
YPFD,2026-02-02,38.87193371015686,2026-06-03,54.6096143138652,LONG,5016,78940.20590820104
VALO,2026-03-20,0.4042226331402583,2026-06-03,0.4320110367755501,LONG,387221,10760.253444061318
ALUA,2026-04-14,0.6897489996756218,2026-06-03,0.667414311000279,LONG,191081,-4267.734646773162
ECOG,2026-05-15,1.9587277667357188,2026-06-03,2.10416334502551,LONG,79254,11526.351321779124
BBAR,2026-05-22,5.336645917353198,2026-06-03,5.937685939243862,LONG,22943,13789.661222237519
BMA,2026-05-27,7.945771720653712,2026-06-03,8.58104114143216,LONG,16248,10321.857548808204
LOMA,2026-05-27,2.3061665646424236,2026-06-03,2.2701949839689295,LONG,55305,-1989.4082691475942
GGAL,2026-05-29,4.896538893360547,2026-06-03,4.833000183105469,LONG,33216,-2110.5017998326766
PAMP,2026-06-03,3.360085841587612,2026-06-03,3.363373596814214,LONG,49320,162.1520877760307
